ID,Serect
b1000,my_secret_key
b1001,my_secret_key
b1002,my_secret_key
b1003,my_secret_key
b1004,my_secret_key
b1005,my_secret_key
b1006,my_secret_key
b1007,my_secret_key
b1008,my_secret_key
b1009,my_secret_key
b1010,my_secret_key
b1011,my_secret_key
b1012,my_secret_key
b1013,my_secret_key
b1014,my_secret_key
b1015,my_secret_key
b1016,my_secret_key
b1017,my_secret_key
b1018,my_secret_key
b1019,my_secret_key
b1020,my_secret_key
b1021,my_secret_key
b1022,my_secret_key
b1023,my_secret_key
b1024,my_secret_key
b1025,my_secret_key
b1026,my_secret_key
b1027,my_secret_key
b1028,my_secret_key
b1029,my_secret_key
b1030,my_secret_key
b1031,my_secret_key
b1032,my_secret_key
b1033,my_secret_key
b1034,my_secret_key
b1035,my_secret_key
b1036,my_secret_key
b1037,my_secret_key
b1038,my_secret_key
b1039,my_secret_key
b1040,my_secret_key
b1041,my_secret_key
b1042,my_secret_key
b1043,my_secret_key
b1044,my_secret_key
b1045,my_secret_key
b1046,my_secret_key
b1047,my_secret_key
b1048,my_secret_key
b1049,my_secret_key
b1050,my_secret_key
b1051,my_secret_key
b1052,my_secret_key
b1053,my_secret_key
b1054,my_secret_key
b1055,my_secret_key
b1056,my_secret_key
b1057,my_secret_key
b1058,my_secret_key
b1059,my_secret_key
b1060,my_secret_key
b1061,my_secret_key
b1062,my_secret_key
b1063,my_secret_key
b1064,my_secret_key
b1065,my_secret_key
b1066,my_secret_key
b1067,my_secret_key
b1068,my_secret_key
b1069,my_secret_key
b1070,my_secret_key
b1071,my_secret_key
b1072,my_secret_key
b1073,my_secret_key
b1074,my_secret_key
b1075,my_secret_key
b1076,my_secret_key
b1077,my_secret_key
b1078,my_secret_key
b1079,my_secret_key
b1080,my_secret_key
b1081,my_secret_key
b1082,my_secret_key
b1083,my_secret_key
b1084,my_secret_key
b1085,my_secret_key
b1086,my_secret_key
b1087,my_secret_key
b1088,my_secret_key
b1089,my_secret_key
b1090,my_secret_key
b1091,my_secret_key
b1092,my_secret_key
b1093,my_secret_key
b1094,my_secret_key
b1095,my_secret_key
b1096,my_secret_key
b1097,my_secret_key
b1098,my_secret_key
b1099,my_secret_key
